unique_id,ds,LinearRegression,ElasticNet,ARDRegression,TweedieRegressor,Lasso,Ridge,HistGradientBoostingRegressor,LGBMRegressor,XGBRegressor,CatBoostRegressor
total,2026-05-21T00:00:00.000,8.006816636663427,8.258664418997531,7.964340409917153,8.159726230024319,8.282550812959977,7.991103773684889,8.000968217279452,8.008653098281277,8.1350155,7.888314278538604
total,2026-05-28T00:00:00.000,7.681917828964257,8.253930834099455,7.88006865138329,8.128604330964617,8.278193391746347,7.719536811621259,7.964394054643751,8.005794616028709,7.37609,7.823550007939159
total,2026-06-04T00:00:00.000,7.841434498585863,8.249197249201377,7.930434049066035,8.152470302631665,8.273835970532717,7.844559291091189,7.964394054643751,8.005794616028709,8.128872,7.886477472230905
total,2026-06-11T00:00:00.000,7.7610179234988115,8.2444636643033,7.9467390144888235,8.157576240605394,8.26947854931909,7.8020125862136815,7.964394054643751,8.005794616028709,7.5733633,7.930909181394785
total,2026-06-18T00:00:00.000,7.827219149190839,8.2444636643033,7.971910695579947,8.169297473122633,8.26947854931909,7.842242532666582,7.964394054643751,8.005794616028709,8.128872,7.9073718205757615
total,2026-06-25T00:00:00.000,7.927434922113113,8.2444636643033,8.081025398770185,8.185127367948837,8.26947854931909,7.944929497109939,7.964394054643751,8.005794616028709,7.611268,7.910379096047984
total,2026-07-02T00:00:00.000,7.8800408642295565,8.2444636643033,8.049538828973464,8.174557473475154,8.26947854931909,7.895478997251287,7.964394054643751,8.005794616028709,8.128872,7.91942197956069
total,2026-07-09T00:00:00.000,7.858890912446958,8.2444636643033,8.02722414531786,8.173745711406687,8.26947854931909,7.880916170585447,7.964394054643751,8.005794616028709,7.611268,7.9073718205757615
total,2026-07-16T00:00:00.000,7.6642608279158875,8.2444636643033,7.876416082646351,8.153001813704222,8.26947854931909,7.708916684791472,7.964394054643751,8.005794616028709,7.810449,7.9547370017156895
total,2026-07-23T00:00:00.000,7.834419299792078,8.2444636643033,7.993690364666383,8.180052447257072,8.26947854931909,7.858017320472134,7.964394054643751,8.005794616028709,7.9816036,7.9071263642718845
total,2026-07-30T00:00:00.000,7.7783176477945375,8.2444636643033,7.977159913805654,8.170042556744987,8.26947854931909,7.8088580523856805,7.964394054643751,8.005794616028709,7.795226,7.916215006013609
total,2026-08-06T00:00:00.000,7.633533241012378,8.2444636643033,7.821085310693114,8.147726930607218,8.26947854931909,7.670251524613848,7.964394054643751,8.005794616028709,7.8779864,7.9489677246500765
total,2026-08-13T00:00:00.000,7.790436406678967,8.2444636643033,7.942924635936187,8.175862512783963,8.26947854931909,7.818098202275247,7.964394054643751,8.005794616028709,8.178272,7.9100919647742645
total,2026-08-20T00:00:00.000,7.768423048281949,8.2444636643033,7.949179309823606,8.169154219005527,8.26947854931909,7.79564957977162,7.964394054643751,8.005794616028709,7.8439775,7.915830224764254
total,2026-08-27T00:00:00.000,7.745028849851089,8.2444636643033,7.9043544895419995,8.161865003553887,8.26947854931909,7.770142052945898,7.964394054643751,8.005794616028709,7.893319,7.941500113949702
total,2026-09-03T00:00:00.000,7.820527775961972,8.2444636643033,7.974101780377405,8.175221698115918,8.26947854931909,7.844331771221507,7.964394054643751,8.005794616028709,7.6757326,7.914948010964774
total,2026-09-10T00:00:00.000,7.817898128255164,8.2444636643033,7.9842874887473165,8.172473558925063,8.26947854931909,7.840330020569465,7.964394054643751,8.005794616028709,8.094368,7.906987039326406
total,2026-09-17T00:00:00.000,7.870325342347442,8.2444636643033,8.02305195717567,8.177508313775805,8.26947854931909,7.887297557643475,7.964394054643751,8.005794616028709,8.160113,7.904873749131643
total,2026-09-24T00:00:00.000,7.901836517456103,8.2444636643033,8.063819497431542,8.181218268177702,8.26947854931909,7.918571676879411,7.964394054643751,8.005794616028709,8.129068,7.907900270201511
total,2026-10-01T00:00:00.000,8.002452678068614,8.2444636643033,8.152891419855369,8.19201758861174,8.26947854931909,8.008126739761462,7.964394054643751,8.005794616028709,7.6449795,7.904087992768818
total,2026-10-08T00:00:00.000,7.922869420538763,8.2444636643033,8.105890012656378,8.179404196211653,8.26947854931909,7.9398616879176265,7.964394054643751,8.005794616028709,7.9630413,7.9131410976413745
total,2026-10-15T00:00:00.000,7.848564174848659,8.2444636643033,8.03510110853801,8.171902768458978,8.26947854931909,7.873169323082519,7.964394054643751,8.005794616028709,7.3279905,7.910445728947996
total,2026-10-22T00:00:00.000,7.881970270689891,8.2444636643033,8.069483813067492,8.181555229985406,8.26947854931909,7.906726997957643,7.964394054643751,8.005794616028709,8.094368,7.908285051450865
total,2026-10-29T00:00:00.000,7.987545706072183,8.2444636643033,8.163456212192823,8.193302569543953,8.26947854931909,7.99755958045662,7.964394054643751,8.005794616028709,8.153194,7.9050866598908645
total,2026-11-05T00:00:00.000,7.982093922558726,8.2444636643033,8.16424900919814,8.187350106151168,8.26947854931909,7.991094855230568,7.964394054643751,8.005794616028709,8.1193905,7.902340698426158
total,2026-11-12T00:00:00.000,8.050403108801337,8.2444636643033,8.216143884345108,8.195147158108604,8.26947854931909,8.05311797503989,7.964394054643751,8.005794616028709,7.6449795,7.905471441140219
total,2026-11-19T00:00:00.000,8.045601309027314,8.2444636643033,8.232198254611653,8.194437025521887,8.26947854931909,8.053259415887247,7.964394054643751,8.005794616028709,7.9630413,7.904087992768818
total,2026-11-26T00:00:00.000,8.023650760943237,8.2444636643033,8.214409665255443,8.19079319067108,8.26947854931909,8.032786009900496,7.964394054643751,8.005794616028709,7.5959063,7.903713432879313
total,2026-12-03T00:00:00.000,7.946783902999975,8.2444636643033,8.156575528234374,8.183286666657308,8.26947854931909,7.96698683613372,7.964394054643751,8.005794616028709,8.094368,7.908285051450865
total,2026-12-10T00:00:00.000,7.853169210023792,8.2444636643033,8.072422713978266,8.174402215337434,8.26947854931909,7.881636364436693,7.964394054643751,8.005794616028709,8.153194,7.926450226301862
total,2026-12-17T00:00:00.000,7.8535631405489,8.2444636643033,8.062831080917187,8.178191032355555,8.26947854931909,7.880839032989622,7.964394054643751,8.005794616028709,8.1193905,7.9073718205757615
total,2026-12-24T00:00:00.000,7.926831908195579,8.2444636643033,8.120199828887534,8.187224480111581,8.26947854931909,7.943329595225258,7.964394054643751,8.005794616028709,7.6449795,7.903713432879313
total,2026-12-31T00:00:00.000,7.951062214560848,8.2444636643033,8.13752925861602,8.186086499670846,8.26947854931909,7.962181727674597,7.964394054643751,8.005794616028709,7.9630413,7.903784625857281
total,2027-01-07T00:00:00.000,8.177050077917848,8.2444636643033,8.320666419971714,8.21235423854256,8.26947854931909,8.164957882046055,8.101455430328889,8.119819220605361,7.593344,7.983394156916725
total,2027-01-14T00:00:00.000,8.34858905032348,8.2444636643033,8.498444721907957,8.227460519468858,8.26947854931909,8.322997126148945,8.1080500953377,8.113849024075085,8.095688,8.050262149254607
total,2027-01-21T00:00:00.000,8.676861953126862,8.2444636643033,8.791222855043845,8.260060924420806,8.26947854931909,8.618486908665986,8.492608433731219,8.587021478941077,8.176576,8.349156585876461
total,2027-01-28T00:00:00.000,8.830510947791845,8.2444636643033,8.982987050299165,8.270471688792636,8.26947854931909,8.767302937189022,8.648490673961065,8.71681442344525,8.139791,8.385342768146314
total,2027-02-04T00:00:00.000,8.832396620424737,8.2444636643033,9.021128735750457,8.264457972845795,8.26947854931909,8.774514999158114,8.659529091802986,8.756246604075859,7.6819105,8.419879764022038
total,2027-02-11T00:00:00.000,8.45667147301279,8.2444636643033,8.748576291461614,8.22173793268419,8.26947854931909,8.450436325537797,8.31131377088107,8.709773837551984,7.9552927,7.997139375864028
total,2027-02-18T00:00:00.000,8.189482590758459,8.2444636643033,8.51140176521086,8.203721695783859,8.26947854931909,8.212069458344313,8.144093085424231,8.292501076603989,7.5959063,7.6953011824777064
total,2027-02-25T00:00:00.000,7.959580724533547,8.2444636643033,8.316984802712888,8.189399792891686,8.26947854931909,8.004472857860684,7.882829525882303,8.199363203115363,8.094368,7.657264583069203
total,2027-03-04T00:00:00.000,7.667186682190783,8.2444636643033,8.023638557335763,8.157317540233453,8.26947854931909,7.725409910956785,8.002653066805065,7.907477580913375,7.877469,7.862458389744225
total,2027-03-11T00:00:00.000,7.182232114377761,8.2444636643033,7.548559002494853,8.104467130638156,8.26947854931909,7.280586483764816,7.964394054643751,7.953097834173404,7.8838916,7.954432180826218
total,2027-03-18T00:00:00.000,7.3743134035981495,8.2444636643033,7.61222889372967,8.143686135319516,8.26947854931909,7.440721746922737,7.964394054643751,8.005794616028709,7.401434,7.9652314157526725
total,2027-03-25T00:00:00.000,7.459260638555496,8.2444636643033,7.679391948117141,8.149226800137251,8.26947854931909,7.509381395764535,7.964394054643751,8.005794616028709,7.7948666,7.9652314157526725
total,2027-04-01T00:00:00.000,7.628842574236847,8.2444636643033,7.751154378117429,8.155256420208195,8.26947854931909,7.644388858199518,7.964394054643751,8.005794616028709,7.878346,7.956038395212359
total,2027-04-08T00:00:00.000,7.682155590960685,8.2444636643033,7.80040128238473,8.158305144843887,8.26947854931909,7.704837345567659,7.964394054643751,8.005794616028709,7.878346,7.933066524389013
total,2027-04-15T00:00:00.000,7.756272723188161,8.2444636643033,7.861345284138661,8.164789837913105,8.26947854931909,7.773183661076906,7.964394054643751,8.005794616028709,7.878346,7.889211297487963
total,2027-04-22T00:00:00.000,7.647407955088821,8.2444636643033,7.79434498940244,8.151042313474955,8.26947854931909,7.685403118023377,7.964394054643751,8.005794616028709,7.878346,7.9547370017156895
total,2027-04-29T00:00:00.000,7.749977629016181,8.2444636643033,7.8743944568755,8.167282533582293,8.26947854931909,7.777501346949796,7.964394054643751,8.005794616028709,7.878346,7.915056318834628
total,2027-05-06T00:00:00.000,7.372185771675934,8.2444636643033,7.59107509048309,8.119976601327394,8.26947854931909,7.443448365916499,7.964394054643751,8.005794616028709,7.878346,7.9489677246500765
total,2027-05-13T00:00:00.000,7.558932482779357,8.2444636643033,7.66570372072429,8.163058550822655,8.26947854931909,7.594031584678094,7.964394054643751,8.005794616028709,7.878346,7.956295735279001
total,2027-05-20T00:00:00.000,7.360475449389729,8.2444636643033,7.656714850976282,8.161815678178929,8.26947854931909,7.448135457986816,7.964394054643751,8.005794616028709,7.878346,7.9651156649619
total,2027-05-27T00:00:00.000,7.470080031343083,8.2444636643033,7.678209963501416,8.164591979829522,8.26947854931909,7.51692056564521,7.964394054643751,8.005794616028709,7.878346,7.9651156649619
total,2027-06-03T00:00:00.000,7.400914873416925,8.2444636643033,7.696632435564934,8.16576078754632,8.26947854931909,7.487571798510511,7.964394054643751,8.005794616028709,7.878346,7.9651156649619
total,2027-06-10T00:00:00.000,7.462521332387982,8.2444636643033,7.718439174118151,8.167390892540478,8.26947854931909,7.520522505402092,7.964394054643751,8.005794616028709,7.878346,7.944872247327578
total,2027-06-17T00:00:00.000,7.5138174637837425,8.2444636643033,7.78257013360908,8.168790392016502,8.26947854931909,7.576397698413922,7.964394054643751,8.005794616028709,7.878346,7.9360523176446796
total,2027-06-24T00:00:00.000,7.523348993874848,8.2444636643033,7.799695045002414,8.168293354578712,8.26947854931909,7.576370405318853,7.964394054643751,8.005794616028709,7.878346,7.930311044267242
total,2027-07-01T00:00:00.000,7.512643577640038,8.2444636643033,7.798606932998283,8.168337522512871,8.26947854931909,7.574093058840614,7.964394054643751,8.005794616028709,7.878346,7.9489677246500765
total,2027-07-08T00:00:00.000,7.390507636017588,8.2444636643033,7.725212041785308,8.166876977775855,8.26947854931909,7.477828365616458,7.964394054643751,8.005794616028709,7.878346,7.956295735279001
total,2027-07-15T00:00:00.000,7.445809542427464,8.2444636643033,7.7454385614602925,8.168729083338581,8.26947854931909,7.5211882923578415,7.964394054643751,8.005794616028709,7.878346,7.9651156649619
total,2027-07-22T00:00:00.000,7.414965480031813,8.2444636643033,7.746138403491544,8.16806111234978,8.26947854931909,7.4967151058938715,7.964394054643751,8.005794616028709,7.878346,7.9651156649619
total,2027-07-29T00:00:00.000,7.3465419532683,8.2444636643033,7.67121504106455,8.166453380440426,8.26947854931909,7.4322584092412285,7.964394054643751,8.005794616028709,7.878346,7.9651156649619
total,2027-08-05T00:00:00.000,7.401395898341792,8.2444636643033,7.692924693894794,8.168365994290697,8.26947854931909,7.480764710612803,7.964394054643751,8.005794616028709,7.878346,7.944872247327578
total,2027-08-12T00:00:00.000,7.401441741192416,8.2444636643033,7.705385036039081,8.167943715567754,8.26947854931909,7.478048783762086,7.964394054643751,8.005794616028709,7.878346,7.9360523176446796
total,2027-08-19T00:00:00.000,7.405825788840695,8.2444636643033,7.690310966649763,8.167431100913431,8.26947854931909,7.477729066444709,7.964394054643751,8.005794616028709,7.878346,7.930311044267242
total,2027-08-26T00:00:00.000,7.442771230887477,8.2444636643033,7.716837252539552,8.168371118836973,8.26947854931909,7.511991273129205,7.964394054643751,8.005794616028709,7.878346,7.9489677246500765
total,2027-09-02T00:00:00.000,7.454560449367804,8.2444636643033,7.734722308313854,8.168229048521436,8.26947854931909,7.521047303416815,7.964394054643751,8.005794616028709,7.878346,7.956295735279001
total,2027-09-09T00:00:00.000,7.493839276171216,8.2444636643033,7.762950667713357,8.16861257869483,8.26947854931909,7.553592349109787,7.964394054643751,8.005794616028709,7.878346,7.9651156649619
total,2027-09-16T00:00:00.000,7.521696400818665,8.2444636643033,7.797126213494645,8.168923747191272,8.26947854931909,7.5788614643488765,7.964394054643751,8.005794616028709,7.878346,7.9651156649619
total,2027-09-23T00:00:00.000,7.593807444074975,8.2444636643033,7.857893819760399,8.169757983356687,8.26947854931909,7.6372866787805735,7.964394054643751,8.005794616028709,7.878346,7.9651156649619
total,2027-09-30T00:00:00.000,7.570273442376476,8.2444636643033,7.866042820067664,8.16893550293492,8.26947854931909,7.622042291010782,7.964394054643751,8.005794616028709,7.878346,7.944872247327578
total,2027-10-07T00:00:00.000,7.5263403575156875,8.2444636643033,7.836897937703523,8.168390051872215,8.26947854931909,7.587606846253215,7.964394054643751,8.005794616028709,7.878346,7.9360523176446796
total,2027-10-14T00:00:00.000,7.517271390531688,8.2444636643033,7.8391508810752395,8.169031274465455,8.26947854931909,7.5848348340046785,7.964394054643751,8.005794616028709,7.878346,7.930311044267242
total,2027-10-21T00:00:00.000,7.572748229969504,8.2444636643033,7.88529828520481,8.169886856377053,8.26947854931909,7.626658702036396,7.964394054643751,8.005794616028709,7.878346,7.9489677246500765
total,2027-10-28T00:00:00.000,7.59294852659497,8.2444636643033,7.9087650317172,8.169528851703953,8.26947854931909,7.6408633937399815,7.964394054643751,8.005794616028709,7.878346,7.956295735279001
total,2027-11-04T00:00:00.000,7.6487159415763415,8.2444636643033,7.946504309604746,8.170124124167781,8.26947854931909,7.684848683681894,7.964394054643751,8.005794616028709,7.878346,7.9651156649619
total,2027-11-11T00:00:00.000,7.659507769988041,8.2444636643033,7.973533711212227,8.170132874118583,8.26947854931909,7.697880771484636,7.964394054643751,8.005794616028709,7.878346,7.9651156649619
total,2027-11-18T00:00:00.000,7.656165173616763,8.2444636643033,7.979086719064773,8.169903085598792,8.26947854931909,7.695976259178739,7.964394054643751,8.005794616028709,7.878346,7.9651156649619
total,2027-11-25T00:00:00.000,7.60412359419256,8.2444636643033,7.9542951185452555,8.169356028514331,8.26947854931909,7.6584086796224335,7.964394054643751,8.005794616028709,7.878346,7.944872247327578
total,2027-12-02T00:00:00.000,7.530696851542006,8.2444636643033,7.901203440449942,8.168667375290799,8.26947854931909,7.598935258474977,7.964394054643751,8.005794616028709,7.878346,7.9360523176446796
total,2027-12-09T00:00:00.000,7.499143296712655,8.2444636643033,7.869595404705889,8.168852498702915,8.26947854931909,7.572736091309133,7.964394054643751,8.005794616028709,7.878346,7.930311044267242
total,2027-12-16T00:00:00.000,7.527599912504664,8.2444636643033,7.880666306727894,8.169463166037525,8.26947854931909,7.591408337555013,7.964394054643751,8.005794616028709,7.878346,7.9489677246500765
total,2027-12-23T00:00:00.000,7.556718836483621,8.2444636643033,7.894030933592568,8.169409410974346,8.26947854931909,7.610322732963992,7.964394054643751,8.005794616028709,7.878346,7.956295735279001
total,2027-12-30T00:00:00.000,7.705982916325235,8.2444636643033,7.989740137757899,8.171335208566468,8.26947854931909,7.7284403806552024,7.964394054643751,8.005794616028709,7.878346,7.9651156649619
total,2028-01-06T00:00:00.000,7.855432750650722,8.2444636643033,8.12395368842339,8.17259261798733,8.26947854931909,7.852212131790793,7.964394054643751,8.005794616028709,7.878346,7.9559226444215865
total,2028-01-13T00:00:00.000,8.114221328088998,8.2444636643033,8.334691614661267,8.175158280708335,8.26947854931909,8.062973543020712,7.964394054643751,8.008653098281277,7.878346,7.904099843202017
total,2028-01-20T00:00:00.000,8.29083495034716,8.2444636643033,8.535296811849548,8.17623228182229,8.26947854931909,8.218155573990735,7.992297280263052,8.054361940354772,7.878346,7.870926342038031
total,2028-01-27T00:00:00.000,8.369068055720586,8.2444636643033,8.657756838672277,8.176082208298903,8.26947854931909,8.291213362619422,8.007992538755873,8.119819220605361,7.878346,7.900302130560091
total,2028-02-03T00:00:00.000,8.167169169786455,8.2444636643033,8.590318428267135,8.173132424131158,8.26947854931909,8.147248177209379,7.964394054643751,8.03841220037861,7.878346,7.9547370017156895
total,2028-02-10T00:00:00.000,7.932499337324514,8.2444636643033,8.44383354733629,8.171662919852741,8.26947854931909,7.9659091059965075,7.964394054643751,8.005794616028709,7.878346,7.9651156649619
total,2028-02-17T00:00:00.000,7.6801627344420265,8.2444636643033,8.275130863543797,8.17036430618521,8.26947854931909,7.765404343934852,7.964394054643751,8.005794616028709,7.878346,7.9652314157526725
total,2028-02-24T00:00:00.000,7.420632687598017,8.2444636643033,8.045988090816799,8.16777396003844,8.26947854931909,7.538772230723579,7.964394054643751,8.005794616028709,7.878346,7.9651156649619
total,2028-03-02T00:00:00.000,7.047345746048276,8.2444636643033,7.698181700640292,8.163598784453775,8.26947854931909,7.221567156684825,7.964394054643751,8.005794616028709,7.878346,7.944872247327578
total,2028-03-09T00:00:00.000,7.030271513962113,8.2444636643033,7.551329283470871,8.165918529470204,8.26947854931909,7.186508887345575,7.964394054643751,8.005794616028709,7.878346,7.9360523176446796
total,2028-03-16T00:00:00.000,7.0537729613908535,8.2444636643033,7.504241090138071,8.166173706453096,8.26947854931909,7.1900586014889925,7.964394054643751,8.005794616028709,7.878346,7.930311044267242
total,2028-03-23T00:00:00.000,7.209855629417341,8.2444636643033,7.512989284087727,8.166595574193625,8.26947854931909,7.2916578624337145,7.964394054643751,8.005794616028709,7.878346,7.9489677246500765
total,2028-03-30T00:00:00.000,7.296648991437208,8.2444636643033,7.540435503290262,8.166875560778891,8.26947854931909,7.366949276035934,7.964394054643751,8.005794616028709,7.878346,7.956295735279001
total,2028-04-06T00:00:00.000,7.388587340319122,8.2444636643033,7.583875019736611,8.167427824840452,8.26947854931909,7.443135150299305,7.964394054643751,8.005794616028709,7.878346,7.9651156649619
total,2028-04-13T00:00:00.000,7.3467230951271665,8.2444636643033,7.573564295776864,8.166506615750253,8.26947854931909,7.4242778342205344,7.964394054643751,8.005794616028709,7.878346,7.9651156649619
